{"cameraMode":{"drawMode":0,"name":"Shaded","section":"Shading Mode"},"sceneLighting":true,"audioPlay":false,"sceneViewState":{"m_AlwaysRefresh":false,"showFog":true,"showSkybox":true,"showFlares":true,"showImageEffects":true,"showParticleSystems":true,"showVisualEffectGraphs":true,"m_FxEnabled":true},"in2DMode":false,"pivot":{"x":0.03373701497912407,"y":1.6614078283309937,"z":-3.1382651329040529},"rotation":{"x":0.16206397116184236,"y":-0.03699459880590439,"z":0.006079923361539841,"w":0.9860588312149048},"size":3.8001017570495607,"orthographic":false}