{"cameraMode":{"drawMode":0,"name":"Shaded","section":"Shading Mode"},"sceneLighting":true,"audioPlay":false,"sceneViewState":{"m_AlwaysRefresh":false,"showFog":true,"showSkybox":true,"showFlares":true,"showImageEffects":true,"showParticleSystems":true,"showVisualEffectGraphs":true,"m_FxEnabled":true},"in2DMode":false,"pivot":{"x":3.81669545173645,"y":17.049789428710939,"z":-18.810260772705079},"rotation":{"x":0.13464601337909699,"y":-0.04338700324296951,"z":0.005923948250710964,"w":0.9899259805679321},"size":8.650811195373536,"orthographic":false}