{"cameraMode":{"drawMode":0,"name":"Shaded","section":"Shading Mode"},"sceneLighting":true,"audioPlay":false,"sceneViewState":{"m_AlwaysRefresh":false,"showFog":true,"showSkybox":true,"showFlares":true,"showImageEffects":true,"showParticleSystems":true,"showVisualEffectGraphs":true,"m_FxEnabled":true},"in2DMode":false,"pivot":{"x":-11.393774032592774,"y":0.433223694562912,"z":10.832840919494629},"rotation":{"x":0.11406801640987396,"y":0.6951733231544495,"z":-0.11318725347518921,"w":0.7006130814552307},"size":11.014989852905274,"orthographic":false}